{
  "categories": {
    "mobiles": {
      "name": "Mobiles",
      "subcategories": ["Smartphones", "Feature Phones", "Accessories"]
    },
    "fashion": {
      "name": "Fashion",
      "subcategories": ["Men's Clothing", "Women's Clothing", "Kids' Clothing", "Footwear", "Watches", "Bags"]
    },
    "electronics": {
      "name": "Electronics",
      "subcategories": ["Laptops", "Tablets", "Cameras", "Headphones", "Speakers", "Smart Watches"]
    },
    "home": {
      "name": "Home & Furniture",
      "subcategories": ["Furniture", "Home Decor", "Kitchen", "Bed & Bath", "Lighting"]
    },
    "appliances": {
      "name": "Appliances",
      "subcategories": ["TVs", "Refrigerators", "Washing Machines", "Air Conditioners", "Microwaves"]
    },
    "grocery": {
      "name": "Grocery",
      "subcategories": ["Staples", "Snacks", "Beverages", "Personal Care", "Baby Care"]
    },
    "beauty": {
      "name": "Beauty, Toys & More",
      "subcategories": ["Makeup", "Skincare", "Toys", "Books", "Stationery", "Sports"]
    }
  },
  "products": [
    {
      "id": 1,
      "name": "Apple iPhone 15 Pro Max (Natural Titanium, 256GB)",
      "category": "mobiles",
      "subcategory": "Smartphones",
      "price": 159900,
      "originalPrice": 169900,
      "discount": 6,
      "rating": 4.6,
      "reviews": 4523,
      "img": "https://rukminim2.flixcart.com/image/312/312/xif0q/mobile/j/z/3/-original-imagtc5fqyz8tu4c.jpeg",
      "images": [
        "https://rukminim2.flixcart.com/image/832/832/xif0q/mobile/j/z/3/-original-imagtc5fqyz8tu4c.jpeg",
        "https://rukminim2.flixcart.com/image/832/832/xif0q/mobile/9/h/4/-original-imagtc5fhqvt8j9x.jpeg",
        "https://rukminim2.flixcart.com/image/832/832/xif0q/mobile/8/y/5/-original-imagtc5fgbz8ayhz.jpeg"
      ],
      "features": ["A17 Pro Chip", "6.7-inch Super Retina XDR Display", "48MP Main Camera", "Action Button", "Titanium Design"],
      "inStock": true,
      "freeDelivery": true
    },
    {
      "id": 2,
      "name": "Samsung Galaxy S24 Ultra 5G (Titanium Black, 256GB)",
      "category": "mobiles",
      "subcategory": "Smartphones",
      "price": 124999,
      "originalPrice": 134999,
      "discount": 7,
      "rating": 4.7,
      "reviews": 3421,
      "img": "https://rukminim2.flixcart.com/image/312/312/xif0q/mobile/4/y/b/-original-imagxaqtzmqbzarc.jpeg",
      "images": [
        "https://rukminim2.flixcart.com/image/832/832/xif0q/mobile/4/y/b/-original-imagxaqtzmqbzarc.jpeg",
        "https://rukminim2.flixcart.com/image/832/832/xif0q/mobile/0/3/k/-original-imagxaqtgmrk7vkz.jpeg"
      ],
      "features": ["Snapdragon 8 Gen 3", "200MP Camera", "S Pen", "AI Features", "6.8-inch QHD+ Display"],
      "inStock": true,
      "freeDelivery": true
    },
    {
      "id": 3,
      "name": "OnePlus 12 5G (Flowy Emerald, 256GB)",
      "category": "mobiles",
      "subcategory": "Smartphones",
      "price": 64999,
      "originalPrice": 69999,
      "discount": 7,
      "rating": 4.5,
      "reviews": 2134,
      "img": "https://rukminim2.flixcart.com/image/312/312/xif0q/mobile/0/c/r/-original-imagxaqyethqzwnf.jpeg",
      "images": [
        "https://rukminim2.flixcart.com/image/832/832/xif0q/mobile/0/c/r/-original-imagxaqyethqzwnf.jpeg"
      ],
      "features": ["Snapdragon 8 Gen 3", "100W Fast Charging", "50MP Sony Camera", "Hasselblad Tuning"],
      "inStock": true,
      "freeDelivery": true
    },
    {
      "id": 4,
      "name": "Xiaomi 14 5G (Jade Green, 256GB)",
      "category": "mobiles",
      "subcategory": "Smartphones",
      "price": 69999,
      "originalPrice": 79999,
      "discount": 13,
      "rating": 4.4,
      "reviews": 1876,
      "img": "https://rukminim2.flixcart.com/image/312/312/xif0q/mobile/g/g/9/-original-imagw7r9gdftzfse.jpeg",
      "images": [
        "https://rukminim2.flixcart.com/image/832/832/xif0q/mobile/g/g/9/-original-imagw7r9gdftzfse.jpeg"
      ],
      "features": ["Snapdragon 8 Gen 3", "Leica Camera", "120W HyperCharge", "6.36-inch AMOLED"],
      "inStock": true,
      "freeDelivery": true
    },
    {
      "id": 5,
      "name": "Google Pixel 8 Pro (Obsidian, 256GB)",
      "category": "mobiles",
      "subcategory": "Smartphones",
      "price": 84999,
      "originalPrice": 106999,
      "discount": 21,
      "rating": 4.6,
      "reviews": 2341,
      "img": "https://rukminim2.flixcart.com/image/312/312/xif0q/mobile/c/0/p/-original-imagtc4ggqxahhrj.jpeg",
      "images": [
        "https://rukminim2.flixcart.com/image/832/832/xif0q/mobile/c/0/p/-original-imagtc4ggqxahhrj.jpeg"
      ],
      "features": ["Google Tensor G3", "Magic Eraser", "Best Take", "AI Photos", "50MP Camera"],
      "inStock": true,
      "freeDelivery": true
    },
    {
      "id": 6,
      "name": "Realme 12 Pro+ 5G (Navigator Beige, 256GB)",
      "category": "mobiles",
      "subcategory": "Smartphones",
      "price": 29999,
      "originalPrice": 35999,
      "discount": 17,
      "rating": 4.3,
      "reviews": 3421,
      "img": "https://rukminim2.flixcart.com/image/312/312/xif0q/mobile/8/h/n/-original-imahfgfhqhvgmha3.jpeg",
      "images": [
        "https://rukminim2.flixcart.com/image/832/832/xif0q/mobile/8/h/n/-original-imahfgfhqhvgmha3.jpeg"
      ],
      "features": ["Snapdragon 7s Gen 2", "64MP Periscope Camera", "67W Fast Charging", "Vegan Leather Design"],
      "inStock": true,
      "freeDelivery": true
    },
    {
      "id": 7,
      "name": "Vivo V30 Pro 5G (Peacock Green, 256GB)",
      "category": "mobiles",
      "subcategory": "Smartphones",
      "price": 41999,
      "originalPrice": 46999,
      "discount": 11,
      "rating": 4.5,
      "reviews": 1654,
      "img": "https://rukminim2.flixcart.com/image/312/312/xif0q/mobile/p/w/z/-original-imagz7f5xfjd3mfb.jpeg",
      "images": [
        "https://rukminim2.flixcart.com/image/832/832/xif0q/mobile/p/w/z/-original-imagz7f5xfjd3mfb.jpeg"
      ],
      "features": ["MediaTek Dimensity 8200", "50MP OIS Camera", "80W Fast Charging", "Aura Light Portrait"],
      "inStock": true,
      "freeDelivery": true
    },
    {
      "id": 8,
      "name": "OPPO Reno 11 Pro 5G (Rock Grey, 256GB)",
      "category": "mobiles",
      "subcategory": "Smartphones",
      "price": 39999,
      "originalPrice": 44999,
      "discount": 11,
      "rating": 4.4,
      "reviews": 1234,
      "img": "https://rukminim2.flixcart.com/image/312/312/xif0q/mobile/t/k/w/-original-imahfgfjhpgmcgrw.jpeg",
      "images": [
        "https://rukminim2.flixcart.com/image/832/832/xif0q/mobile/t/k/w/-original-imahfgfjhpgmcgrw.jpeg"
      ],
      "features": ["MediaTek Dimensity 8200", "50MP Sony Camera", "67W SuperVOOC", "3D Curved Display"],
      "inStock": true,
      "freeDelivery": true
    },
    {
      "id": 9,
      "name": "Nothing Phone (2a) (Black, 256GB)",
      "category": "mobiles",
      "subcategory": "Smartphones",
      "price": 25999,
      "originalPrice": 27999,
      "discount": 7,
      "rating": 4.5,
      "reviews": 2876,
      "img": "https://rukminim2.flixcart.com/image/312/312/xif0q/mobile/w/7/s/-original-imahfzfqyy9hrdnn.jpeg",
      "images": [
        "https://rukminim2.flixcart.com/image/832/832/xif0q/mobile/w/7/s/-original-imahfzfqyy9hrdnn.jpeg"
      ],
      "features": ["MediaTek Dimensity 7200 Pro", "Glyph Interface", "50MP Dual Camera", "Clean Nothing OS"],
      "inStock": true,
      "freeDelivery": true
    },
    {
      "id": 10,
      "name": "Motorola Edge 50 Fusion (Forest Blue, 256GB)",
      "category": "mobiles",
      "subcategory": "Smartphones",
      "price": 22999,
      "originalPrice": 27999,
      "discount": 18,
      "rating": 4.3,
      "reviews": 1543,
      "img": "https://rukminim2.flixcart.com/image/312/312/xif0q/mobile/e/v/g/-original-imahywzdpvgfkhzg.jpeg",
      "images": [
        "https://rukminim2.flixcart.com/image/832/832/xif0q/mobile/e/v/g/-original-imahywzdpvgfkhzg.jpeg"
      ],
      "features": ["Snapdragon 7s Gen 2", "50MP OIS Camera", "68W TurboPower", "IP68 Water Resistant"],
      "inStock": true,
      "freeDelivery": true
    },
    {
      "id": 11,
      "name": "Apple MacBook Air M2 (Space Grey, 8GB RAM, 256GB SSD)",
      "category": "electronics",
      "subcategory": "Laptops",
      "price": 99990,
      "originalPrice": 119900,
      "discount": 17,
      "rating": 4.7,
      "reviews": 5234,
      "img": "https://rukminim2.flixcart.com/image/312/312/xif0q/computer/2/v/v/-original-imagfdeqter4sj2j.jpeg",
      "features": ["Apple M2 Chip", "13.6-inch Liquid Retina", "Up to 18 hrs battery", "1080p FaceTime HD Camera"],
      "inStock": true,
      "freeDelivery": true
    },
    {
      "id": 12,
      "name": "Dell XPS 13 (9340) Intel Core Ultra 7 (Platinum, 16GB RAM, 512GB SSD)",
      "category": "electronics",
      "subcategory": "Laptops",
      "price": 139990,
      "originalPrice": 159990,
      "discount": 13,
      "rating": 4.6,
      "reviews": 2134,
      "img": "https://rukminim2.flixcart.com/image/312/312/xif0q/computer/u/d/h/-original-imahfzpmhdrjrtzf.jpeg",
      "features": ["Intel Core Ultra 7", "13.4-inch FHD+ Display", "Windows 11", "Thunderbolt 4"],
      "inStock": true,
      "freeDelivery": true
    },
    {
      "id": 13,
      "name": "HP Victus Gaming Ryzen 5 (Performance Blue, 16GB RAM, 512GB SSD, RTX 3050)",
      "category": "electronics",
      "subcategory": "Laptops",
      "price": 64990,
      "originalPrice": 79990,
      "discount": 19,
      "rating": 4.4,
      "reviews": 3421,
      "img": "https://rukminim2.flixcart.com/image/312/312/xif0q/computer/h/y/g/-original-imagvzw3xnhwxbzh.jpeg",
      "features": ["AMD Ryzen 5 7535HS", "NVIDIA RTX 3050 4GB", "15.6-inch FHD 144Hz", "RGB Keyboard"],
      "inStock": true,
      "freeDelivery": true
    },
    {
      "id": 14,
      "name": "Lenovo IdeaPad Slim 3 Intel Core i5 (Arctic Grey, 16GB RAM, 512GB SSD)",
      "category": "electronics",
      "subcategory": "Laptops",
      "price": 51990,
      "originalPrice": 64990,
      "discount": 20,
      "rating": 4.3,
      "reviews": 4532,
      "img": "https://rukminim2.flixcart.com/image/312/312/xif0q/computer/b/n/h/-original-imahfgjzybmzhfzd.jpeg",
      "features": ["12th Gen Intel Core i5", "15.6-inch FHD IPS", "Backlit Keyboard", "Windows 11"],
      "inStock": true,
      "freeDelivery": true
    },
    {
      "id": 15,
      "name": "Asus VivoBook 15 OLED Ryzen 7 (Quiet Blue, 16GB RAM, 512GB SSD)",
      "category": "electronics",
      "subcategory": "Laptops",
      "price": 59990,
      "originalPrice": 74990,
      "discount": 20,
      "rating": 4.5,
      "reviews": 2876,
      "img": "https://rukminim2.flixcart.com/image/312/312/xif0q/computer/i/l/p/-original-imahfgjz5hxqzcw5.jpeg",
      "features": ["AMD Ryzen 7 5700U", "15.6-inch FHD OLED", "Fingerprint Sensor", "Thin & Light"],
      "inStock": true,
      "freeDelivery": true
    },
    {
      "id": 16,
      "name": "Men's Regular Fit Cotton Casual Shirt (Blue)",
      "category": "fashion",
      "subcategory": "Men's Clothing",
      "price": 499,
      "originalPrice": 1999,
      "discount": 75,
      "rating": 4.2,
      "reviews": 12453,
      "img": "https://rukminim2.flixcart.com/image/612/612/xif0q/shirt/w/y/q/l-st10-vebnor-original-imagh49qg58bxhtg.jpeg",
      "features": ["100% Cotton", "Regular Fit", "Full Sleeve", "Machine Wash"],
      "inStock": true,
      "freeDelivery": true
    },
    {
      "id": 17,
      "name": "Women's Printed Daily Wear Georgette Saree (Blue)",
      "category": "fashion",
      "subcategory": "Women's Clothing",
      "price": 449,
      "originalPrice": 2999,
      "discount": 85,
      "rating": 4.3,
      "reviews": 8765,
      "img": "https://rukminim2.flixcart.com/image/612/612/xif0q/sari/2/t/f/free-9229-saree-swaron-unstitched-original-imagz4rjqjwywzrr.jpeg",
      "features": ["Georgette Fabric", "Printed Design", "With Blouse Piece", "Festive Wear"],
      "inStock": true,
      "freeDelivery": true
    },
    {
      "id": 18,
      "name": "Men's Solid Regular Fit Track Pants (Navy Blue)",
      "category": "fashion",
      "subcategory": "Men's Clothing",
      "price": 399,
      "originalPrice": 1499,
      "discount": 73,
      "rating": 4.1,
      "reviews": 9876,
      "img": "https://rukminim2.flixcart.com/image/612/612/xif0q/track-pant/t/z/c/l-trackpantnavypolo-tripr-original-imagzf7bzcg6btdf.jpeg",
      "features": ["Cotton Blend", "Elastic Waistband", "Side Pockets", "Comfortable Fit"],
      "inStock": true,
      "freeDelivery": true
    },
    {
      "id": 19,
      "name": "Women's Solid Kurta with Palazzo & Dupatta Set (Pink)",
      "category": "fashion",
      "subcategory": "Women's Clothing",
      "price": 799,
      "originalPrice": 2999,
      "discount": 73,
      "rating": 4.4,
      "reviews": 6543,
      "img": "https://rukminim2.flixcart.com/image/612/612/xif0q/kurta/z/8/f/l-1001-libas-original-imagq8j4kyhgwhse.jpeg",
      "features": ["Rayon Fabric", "Printed Design", "With Dupatta", "Ethnic Wear"],
      "inStock": true,
      "freeDelivery": false
    },
    {
      "id": 20,
      "name": "Men's Casual Sneakers (White)",
      "category": "fashion",
      "subcategory": "Footwear",
      "price": 799,
      "originalPrice": 2499,
      "discount": 68,
      "rating": 4.2,
      "reviews": 5432,
      "img": "https://rukminim2.flixcart.com/image/612/612/xif0q/shoe/r/w/g/-original-imagzf9gyjgbqazh.jpeg",
      "features": ["Mesh Upper", "Lightweight", "Cushioned Sole", "Lace-Up"],
      "inStock": true,
      "freeDelivery": true
    },
    {
      "id": 21,
      "name": "Sony Bravia 4K Ultra HD Smart LED Google TV (55 inch)",
      "category": "appliances",
      "subcategory": "TVs",
      "price": 54990,
      "originalPrice": 84900,
      "discount": 35,
      "rating": 4.5,
      "reviews": 3421,
      "img": "https://rukminim2.flixcart.com/image/312/312/xif0q/television/5/5/d/-original-imahfzdgcqzthbvt.jpeg",
      "features": ["4K Ultra HD (3840x2160)", "Google TV", "Dolby Audio", "Screen Mirroring"],
      "inStock": true,
      "freeDelivery": true
    },
    {
      "id": 22,
      "name": "Samsung 655L Frost Free Side by Side Refrigerator (Refined Inox)",
      "category": "appliances",
      "subcategory": "Refrigerators",
      "price": 67990,
      "originalPrice": 99990,
      "discount": 32,
      "rating": 4.4,
      "reviews": 2134,
      "img": "https://rukminim2.flixcart.com/image/312/312/xif0q/refrigerator-new/p/z/p/-original-imahfx6nw2ksjjay.jpeg",
      "features": ["655L Capacity", "Side by Side Door", "Digital Inverter", "5-in-1 Convertible"],
      "inStock": true,
      "freeDelivery": true
    },
    {
      "id": 23,
      "name": "LG 8Kg 5-Star Fully Automatic Front Load Washing Machine (White)",
      "category": "appliances",
      "subcategory": "Washing Machines",
      "price": 31990,
      "originalPrice": 45990,
      "discount": 30,
      "rating": 4.3,
      "reviews": 4321,
      "img": "https://rukminim2.flixcart.com/image/312/312/xif0q/washing-machine-new/v/m/n/-original-imagwzc2pcyvzygt.jpeg",
      "features": ["8Kg Capacity", "1400RPM", "AI DD Technology", "Steam Wash"],
      "inStock": true,
      "freeDelivery": true
    },
    {
      "id": 24,
      "name": "Whirlpool 1.5 Ton 3-Star Split Inverter AC (White)",
      "category": "appliances",
      "subcategory": "Air Conditioners",
      "price": 32990,
      "originalPrice": 49990,
      "discount": 34,
      "rating": 4.2,
      "reviews": 1876,
      "img": "https://rukminim2.flixcart.com/image/312/312/xif0q/air-conditioner-new/h/m/u/-original-imahfym6gbbnzqpg.jpeg",
      "features": ["1.5 Ton", "3-Star Rating", "Inverter Compressor", "Copper Condenser"],
      "inStock": true,
      "freeDelivery": true
    },
    {
      "id": 25,
      "name": "IFB 30L Convection Microwave Oven (Black)",
      "category": "appliances",
      "subcategory": "Microwaves",
      "price": 11490,
      "originalPrice": 18990,
      "discount": 39,
      "rating": 4.4,
      "reviews": 3214,
      "img": "https://rukminim2.flixcart.com/image/312/312/xif0q/microwave-new/o/r/r/-original-imahfzgha7jqtwwg.jpeg",
      "features": ["30L Capacity", "Convection", "Auto Cook Menus", "Steam Clean"],
      "inStock": true,
      "freeDelivery": true
    },
    {
      "id": 26,
      "name": "boAt Airdopes 141 Bluetooth Truly Wireless Earbuds (Black)",
      "category": "electronics",
      "subcategory": "Headphones",
      "price": 1299,
      "originalPrice": 4990,
      "discount": 74,
      "rating": 4.1,
      "reviews": 87654,
      "img": "https://rukminim2.flixcart.com/image/612/612/xif0q/headphone/s/9/i/-original-imagwymhejhzycrr.jpeg",
      "features": ["42H Playback", "ENx Technology", "IPX4 Water Resistant", "ASAP Charge"],
      "inStock": true,
      "freeDelivery": true
    },
    {
      "id": 27,
      "name": "Apple Watch Series 9 GPS (Starlight, 41mm)",
      "category": "electronics",
      "subcategory": "Smart Watches",
      "price": 38900,
      "originalPrice": 41900,
      "discount": 7,
      "rating": 4.6,
      "reviews": 2341,
      "img": "https://rukminim2.flixcart.com/image/612/612/xif0q/smartwatch/2/g/z/-original-imagwzfyuzjrnpgh.jpeg",
      "features": ["S9 SiP Chip", "Always-On Retina Display", "Blood Oxygen", "ECG App"],
      "inStock": true,
      "freeDelivery": true
    },
    {
      "id": 28,
      "name": "Fire-Boltt Phoenix Ultra Luxury 1.43\" AMOLED Smartwatch (Black)",
      "category": "electronics",
      "subcategory": "Smart Watches",
      "price": 1799,
      "originalPrice": 7999,
      "discount": 78,
      "rating": 4.0,
      "reviews": 45678,
      "img": "https://rukminim2.flixcart.com/image/612/612/xif0q/smartwatch/6/z/u/-original-imagzhzbyhyzupfz.jpeg",
      "features": ["1.43\" AMOLED Display", "Bluetooth Calling", "120+ Sports Modes", "IP68"],
      "inStock": true,
      "freeDelivery": true
    },
    {
      "id": 29,
      "name": "JBL Flip 6 Portable Bluetooth Speaker (Black)",
      "category": "electronics",
      "subcategory": "Speakers",
      "price": 9999,
      "originalPrice": 14999,
      "discount": 33,
      "rating": 4.5,
      "reviews": 3421,
      "img": "https://rukminim2.flixcart.com/image/612/612/xif0q/speaker/mobile-tablet-speaker/s/i/f/-original-imagzhfegbqyhphn.jpeg",
      "features": ["IP67 Waterproof", "12 Hours Playtime", "PartyBoost", "Dual Bass Radiators"],
      "inStock": true,
      "freeDelivery": true
    },
    {
      "id": 30,
      "name": "Canon EOS 3000D DSLR Camera (Black) with 18-55mm Lens",
      "category": "electronics",
      "subcategory": "Cameras",
      "price": 29999,
      "originalPrice": 39995,
      "discount": 25,
      "rating": 4.5,
      "reviews": 5432,
      "img": "https://rukminim2.flixcart.com/image/612/612/jfbfde80/dslr-camera/e/e/x/eos-eos-3000d-canon-original-imaf3t5h9yuyc5zu.jpeg",
      "features": ["18MP APS-C Sensor", "Full HD Video", "Built-in Wi-Fi", "Optical Viewfinder"],
      "inStock": true,
      "freeDelivery": true
    },
    {
      "id": 31,
      "name": "Maybelline New York Fit Me Matte+Poreless Foundation (Natural Buff)",
      "category": "beauty",
      "subcategory": "Makeup",
      "price": 399,
      "originalPrice": 650,
      "discount": 39,
      "rating": 4.3,
      "reviews": 23456,
      "img": "https://rukminim2.flixcart.com/image/612/612/xif0q/foundation/5/b/m/-original-imagvzt9vggpfqe9.jpeg",
      "features": ["Matte Finish", "Pore Minimizing", "Non-Comedogenic", "Natural Coverage"],
      "inStock": true,
      "freeDelivery": false
    },
    {
      "id": 32,
      "name": "Lakme Eyeconic Kajal (Black, 0.35g)",
      "category": "beauty",
      "subcategory": "Makeup",
      "price": 180,
      "originalPrice": 250,
      "discount": 28,
      "rating": 4.4,
      "reviews": 34567,
      "img": "https://rukminim2.flixcart.com/image/612/612/xif0q/kajal/m/b/y/0-35-eyeconic-lakme-original-imag7f8vqyjhqzfg.jpeg",
      "features": ["Smudge-proof", "Waterproof", "Long Lasting", "Deep Black"],
      "inStock": true,
      "freeDelivery": false
    },
    {
      "id": 33,
      "name": "The Alchemist by Paulo Coelho (Paperback)",
      "category": "beauty",
      "subcategory": "Books",
      "price": 199,
      "originalPrice": 350,
      "discount": 43,
      "rating": 4.6,
      "reviews": 56789,
      "img": "https://rukminim2.flixcart.com/image/612/612/book/2/1/6/the-alchemist-original-imae62z3kvjzsryb.jpeg",
      "features": ["Fiction", "Self-Help", "Paulo Coelho", "Bestseller"],
      "inStock": true,
      "freeDelivery": false
    },
    {
      "id": 34,
      "name": "LEGO Classic Creative Building Blocks (900 Pieces)",
      "category": "beauty",
      "subcategory": "Toys",
      "price": 3999,
      "originalPrice": 7999,
      "discount": 50,
      "rating": 4.5,
      "reviews": 4321,
      "img": "https://rukminim2.flixcart.com/image/612/612/xif0q/block-construction/m/p/4/classic-900-pieces-creative-building-blocks-bricks-toys-for-original-imagzgfhyz4pjv7f.jpeg",
      "features": ["900 Pieces", "Creative Building", "Age 4+", "Educational"],
      "inStock": true,
      "freeDelivery": true
    },
    {
      "id": 35,
      "name": "Nivia Storm Football Size 5 (White/Blue)",
      "category": "beauty",
      "subcategory": "Sports",
      "price": 449,
      "originalPrice": 1299,
      "discount": 65,
      "rating": 4.2,
      "reviews": 8765,
      "img": "https://rukminim2.flixcart.com/image/612/612/xif0q/ball/o/k/x/400-5-storm-football-size-5-1-fb-333-football-nivia-original-imagzgvpgjrtzvzf.jpeg",
      "features": ["Size 5", "PVC Material", "Machine Stitched", "For Training"],
      "inStock": true,
      "freeDelivery": false
    },
    {
      "id": 36,
      "name": "Nilkamal Plastic Chair (Beige)",
      "category": "home",
      "subcategory": "Furniture",
      "price": 899,
      "originalPrice": 1899,
      "discount": 53,
      "rating": 4.1,
      "reviews": 12345,
      "img": "https://rukminim2.flixcart.com/image/612/612/xif0q/chair/a/y/w/1-virgin-plastic-36-na-molded-without-arm-nilkamal-beige-original-imahfzhbzfwzbfpf.jpeg",
      "features": ["Virgin Plastic", "Stackable", "Easy to Clean", "Load Capacity: 100kg"],
      "inStock": true,
      "freeDelivery": false
    },
    {
      "id": 37,
      "name": "Pigeon Stovekraft Induction Base Non-Stick Cookware Set (3 Pieces)",
      "category": "home",
      "subcategory": "Kitchen",
      "price": 1199,
      "originalPrice": 3195,
      "discount": 62,
      "rating": 4.3,
      "reviews": 23456,
      "img": "https://rukminim2.flixcart.com/image/612/612/xif0q/cookware-set/a/m/m/special-combo-3-pieces-stovekraft-original-imagzhfxvfhzcfhf.jpeg",
      "features": ["Non-Stick Coating", "Induction Base", "3 Pieces", "2 Years Warranty"],
      "inStock": true,
      "freeDelivery": false
    },
    {
      "id": 38,
      "name": "Solimo 300TC 100% Cotton King Size Bedsheet (White, 274x274cm)",
      "category": "home",
      "subcategory": "Bed & Bath",
      "price": 1299,
      "originalPrice": 3999,
      "discount": 68,
      "rating": 4.2,
      "reviews": 9876,
      "img": "https://rukminim2.flixcart.com/image/612/612/xif0q/bedsheet/o/a/y/1-300tc-cotton-300-tc-cotton-1-bedsheet-with-2-pillow-covers-original-imagzxcz8kjztnwm.jpeg",
      "features": ["300 Thread Count", "100% Cotton", "King Size", "With Pillow Covers"],
      "inStock": true,
      "freeDelivery": false
    },
    {
      "id": 39,
      "name": "Philips 9W B22 LED Cool Day Light Bulb (White, Pack of 4)",
      "category": "home",
      "subcategory": "Lighting",
      "price": 399,
      "originalPrice": 900,
      "discount": 56,
      "rating": 4.4,
      "reviews": 15678,
      "img": "https://rukminim2.flixcart.com/image/612/612/xif0q/bulb/e/g/x/9-stellar-bright-b22-9w-led-cool-day-bulb-pack-of-4-philips-original-imagzhzgzwyqfuzh.jpeg",
      "features": ["9W", "Cool Day Light", "Energy Saving", "Long Lasting"],
      "inStock": true,
      "freeDelivery": false
    },
    {
      "id": 40,
      "name": "Aashirvaad Atta with Multigrains (5kg)",
      "category": "grocery",
      "subcategory": "Staples",
      "price": 285,
      "originalPrice": 320,
      "discount": 11,
      "rating": 4.5,
      "reviews": 45678,
      "img": "https://rukminim2.flixcart.com/image/612/612/xif0q/flour/m/x/t/-original-imagzhfxzhvhguzh.jpeg",
      "features": ["100% MP Wheat", "With Multigrains", "5kg Pack", "FSSAI Certified"],
      "inStock": true,
      "freeDelivery": false
    }
  ]
}
