[
  {
    "id": 187,
    "name": "SAMSUNG 80 cm (32 Inch) HD Ready LED Smart Tizen TV (Bezel-Free Design)",
    "originalPrice": 18990,
    "price": 595,
    "discountPercent": 96,
    "rating": 4.6,
    "ratingsCount": 7090,
    "category": "Electronics",
    "delivery": "Free Delivery in Two Days",
    "sourceId": 187,
    "desc": "Compact HD smart TV with bezel-light design and essential streaming apps.",
    "images": ["https://images.unsplash.com/photo-1603791452906-b3efb81d5983?auto=format&w=600&q=80"]
  },
  {
    "id": 149,
    "name": "boAt Aavante Bar 3500 500W Bluetooth Soundbar (Premium Black, 5.1 Channel)",
    "originalPrice": 10999,
    "price": 499,
    "discountPercent": 95,
    "rating": 4.8,
    "ratingsCount": 9700,
    "category": "Audio",
    "delivery": "Free Delivery in Two Days",
    "sourceId": 149,
    "desc": "High output 5.1 channel soundbar with EQ modes and master remote.",
    "images": ["https://images.unsplash.com/photo-1511379938547-c1f69419868d?auto=format&w=600&q=80"]
  },
  {
    "id": 190,
    "name": "Green Soul Kiev Orthopedic Boss Chair (Brown, Leatherette)",
    "originalPrice": 14999,
    "price": 467,
    "discountPercent": 96,
    "rating": 4.4,
    "ratingsCount": 3771,
    "category": "Furniture",
    "delivery": "Free Delivery in Two Days",
    "sourceId": 190,
    "desc": "Ergonomic executive chair with breathable support and rocking function.",
    "images": ["https://images.unsplash.com/photo-1524758631624-e2822e304c36?auto=format&w=600&q=80"]
  },
  {
    "id": 214,
    "name": "vivo V50 5G (Rose Red, 8GB RAM, 256GB Storage)",
    "originalPrice": 36999,
    "price": 599,
    "discountPercent": 98,
    "rating": 4.6,
    "ratingsCount": 5615,
    "category": "Mobiles",
    "delivery": "Free Delivery in Two Days",
    "sourceId": 214,
    "desc": "5G smartphone with large storage and vibrant display for daily use.",
    "images": ["https://images.unsplash.com/photo-1511707171634-5f897ff02aa9?auto=format&w=600&q=80"]
  },
  {
    "id": 215,
    "name": "Big B Motorized Recliner (Leatherette, USB Port)",
    "originalPrice": 26899,
    "price": 567,
    "discountPercent": 97,
    "rating": 4.2,
    "ratingsCount": 9259,
    "category": "Furniture",
    "delivery": "Free Delivery in Two Days",
    "sourceId": 215,
    "desc": "Single-seater recliner with motorized tilt and integrated USB charging.",
    "images": ["https://images.unsplash.com/photo-1582582494700-8a2d1fe9f5c1?auto=format&w=600&q=80"]
  },
  {
    "id": 150,
    "name": "Sony SA-D40M2 4.1ch Home Theatre Speaker (100W)",
    "originalPrice": 10599,
    "price": 499,
    "discountPercent": 95,
    "rating": 4.3,
    "ratingsCount": 9124,
    "category": "Audio",
    "delivery": "Free Delivery in Two Days",
    "sourceId": 150,
    "desc": "4.1 channel compact home audio system with deep bass subwoofer.",
    "images": ["https://images.unsplash.com/photo-1583394838336-acd977736f90?auto=format&w=600&q=80"]
  },
  {
    "id": 163,
    "name": "JBL Partybox 110 Wireless Bluetooth Party Speaker (160W)",
    "originalPrice": 24999,
    "price": 419,
    "discountPercent": 98,
    "rating": 4.8,
    "ratingsCount": 6592,
    "category": "Audio",
    "delivery": "Free Delivery in Two Days",
    "sourceId": 163,
    "desc": "Portable party speaker with dynamic light show and long playback time.",
    "images": ["https://images.unsplash.com/photo-1616627451152-9806b1a2d2d2?auto=format&w=600&q=80"]
  },
  {
    "id": 196,
    "name": "Julian Engineered Wood 2 Door Wardrobe (Melamine Wenge)",
    "originalPrice": 6799,
    "price": 597,
    "discountPercent": 91,
    "rating": 4.3,
    "ratingsCount": 9940,
    "category": "Furniture",
    "delivery": "Free Delivery in Two Days",
    "sourceId": 196,
    "desc": "Two-door engineered wood wardrobe with mirror and knock-down design.",
    "images": ["https://images.unsplash.com/photo-1600585152975-cb9f9a2b4b2d?auto=format&w=600&q=80"]
  },
  {
    "id": 202,
    "name": "Havells Dry Iron Dazzle 1100W",
    "originalPrice": 1999,
    "price": 299,
    "discountPercent": 85,
    "rating": 4.9,
    "ratingsCount": 9999,
    "category": "Appliances",
    "delivery": "Free Delivery in Two Days",
    "sourceId": 202,
    "desc": "Lightweight dry iron with non-stick soleplate and swivel cord.",
    "images": ["https://images.unsplash.com/photo-1585658217035-8303e1c4b4e7?auto=format&w=600&q=80"]
  },
  {
    "id": 207,
    "name": "Philips MMS2220B 2.1 120W Convertible Multimedia Soundbar",
    "originalPrice": 7999,
    "price": 535,
    "discountPercent": 93,
    "rating": 4.4,
    "ratingsCount": 3013,
    "category": "Audio",
    "delivery": "Free Delivery in Two Days",
    "sourceId": 207,
    "desc": "Convertible 2.1 Bluetooth soundbar for TV and media playback.",
    "images": ["https://images.unsplash.com/photo-1511379938547-c1f69419868d?auto=format&w=600&q=80"]
  },
  {
    "id": 146,
    "name": "OnePlus Buds 3 TWS Earbuds (Adaptive Noise Cancellation)",
    "originalPrice": 5999,
    "price": 399,
    "discountPercent": 93,
    "rating": 4.5,
    "ratingsCount": 2715,
    "category": "Audio",
    "delivery": "Free Delivery in Two Days",
    "sourceId": 146,
    "desc": "Wireless earbuds with smart ANC and fast charge support.",
    "images": ["https://images.unsplash.com/photo-1606220945770-bf5044b9a934?auto=format&w=600&q=80"]
  },
  {
    "id": 164,
    "name": "JBL Flip 6 Portable Bluetooth Speaker (IP67)",
    "originalPrice": 8999,
    "price": 399,
    "discountPercent": 95,
    "rating": 4.2,
    "ratingsCount": 8989,
    "category": "Audio",
    "delivery": "Free Delivery in Two Days",
    "sourceId": 164,
    "desc": "Durable portable speaker with waterproof design and signature sound.",
    "images": ["https://images.unsplash.com/photo-1583394838336-acd977736f90?auto=format&w=600&q=80"]
  },
  {
    "id": 177,
    "name": "atomberg Renesa Enzel 1200mm BLDC Ceiling Fan (Gloss White)",
    "originalPrice": 2699,
    "price": 419,
    "discountPercent": 84,
    "rating": 4.8,
    "ratingsCount": 5415,
    "category": "Home",
    "delivery": "Free Delivery in Two Days",
    "sourceId": 177,
    "desc": "Energy-efficient BLDC ceiling fan with remote control and LED indicators.",
    "images": ["https://images.unsplash.com/photo-1625731226967-16d30f10aac2?auto=format&w=600&q=80"]
  },
  {
    "id": 188,
    "name": "KENT Supreme RO Water Purifier (8L, Multi-Stage)",
    "originalPrice": 14999,
    "price": 519,
    "discountPercent": 96,
    "rating": 4.2,
    "ratingsCount": 9542,
    "category": "Home",
    "delivery": "Free Delivery in Two Days",
    "sourceId": 188,
    "desc": "Multi-stage RO purifier with UF, UV LED tank and TDS control.",
    "images": ["https://images.unsplash.com/photo-1581578731548-c64695cc6952?auto=format&w=600&q=80"]
  },
  {
    "id": 191,
    "name": "Prestige Svachh 5L Hard Anodised Pressure Handi",
    "originalPrice": 4999,
    "price": 299,
    "discountPercent": 94,
    "rating": 4.4,
    "ratingsCount": 9323,
    "category": "Kitchen",
    "delivery": "Free Delivery in Two Days",
    "sourceId": 191,
    "desc": "Hard anodised 5L handi with anti-bulge base and deep lid design.",
    "images": ["https://images.unsplash.com/photo-1618675529274-cd9f4f331d2d?auto=format&w=600&q=80"]
  },
  {
    "id": 192,
    "name": "LG 1.5 Ton 5 Star DUAL Inverter Split AC (AI Convertible)",
    "originalPrice": 36999,
    "price": 699,
    "discountPercent": 98,
    "rating": 4.6,
    "ratingsCount": 4281,
    "category": "Appliances",
    "delivery": "Free Delivery in Two Days",
    "sourceId": 192,
    "desc": "Inverter split AC with flexible cooling modes and virus protection filter.",
    "images": ["https://images.unsplash.com/photo-1621849403986-87c27652d1dc?auto=format&w=600&q=80"]
  },
  {
    "id": 200,
    "name": "LEADER Beast 26T MultiSpeed Mountain Cycle (Front Suspension)",
    "originalPrice": 5939,
    "price": 567,
    "discountPercent": 90,
    "rating": 4.2,
    "ratingsCount": 3249,
    "category": "Sports",
    "delivery": "Free Delivery in Two Days",
    "sourceId": 200,
    "desc": "26T geared mountain cycle with front suspension and durable frame.",
    "images": ["https://images.unsplash.com/photo-1525105232457-94d630fd1251?auto=format&w=600&q=80"]
  },
  {
    "id": 206,
    "name": "SONY MHC-V43D High Power Party Speaker",
    "originalPrice": 37899,
    "price": 499,
    "discountPercent": 98,
    "rating": 4.6,
    "ratingsCount": 7547,
    "category": "Audio",
    "delivery": "Free Delivery in Two Days",
    "sourceId": 206,
    "desc": "High power party speaker with jet bass booster and mic/guitar inputs.",
    "images": ["https://images.unsplash.com/photo-1616627451152-9806b1a2d2d2?auto=format&w=600&q=80"]
  },
  {
    "id": 184,
    "name": "Bajaj Rex Mixer Grinder 750W (4 Jars)",
    "originalPrice": 4999,
    "price": 325,
    "discountPercent": 93,
    "rating": 4.9,
    "ratingsCount": 6978,
    "category": "Kitchen",
    "delivery": "Free Delivery in Two Days",
    "sourceId": 184,
    "desc": "750W mixer grinder with multi-speed control and sturdy jars.",
    "images": ["https://images.unsplash.com/photo-1628510121512-a9c20f23e747?auto=format&w=600&q=80"]
  },
  {
    "id": 145,
    "name": "realme Buds T110 Wireless Earbuds (Low Latency Mode)",
    "originalPrice": 1499,
    "price": 299,
    "discountPercent": 80,
    "rating": 4.8,
    "ratingsCount": 6554,
    "category": "Audio",
    "delivery": "Free Delivery in Two Days",
    "sourceId": 145,
    "desc": "Compact true wireless earbuds with ENC and gaming mode.",
    "images": ["https://images.unsplash.com/photo-1606220945770-bf5044b9a934?auto=format&w=600&q=80"]
  },
  {
    "id": 144,
    "name": "OnePlus Bullets Z2 Wireless Earphones (Acoustic Red)",
    "originalPrice": 1799,
    "price": 299,
    "discountPercent": 83,
    "rating": 4.5,
    "ratingsCount": 2989,
    "category": "Audio",
    "delivery": "Free Delivery in Two Days",
    "sourceId": 144,
    "desc": "Wireless neckband earphones with deep bass and quick charge.",
    "images": ["https://images.unsplash.com/photo-1606220945770-bf5044b9a934?auto=format&w=600&q=80"]
  },
  {
    "id": 194,
    "name": "SAFARI Hard Body Luggage Set of 3 (ECLIPSE SET, Teal)",
    "originalPrice": 17999,
    "price": 472,
    "discountPercent": 97,
    "rating": 4.5,
    "ratingsCount": 6254,
    "category": "Travel",
    "delivery": "Free Delivery in Two Days",
    "sourceId": 194,
    "desc": "Set of three durable hard-case trolleys with smooth wheels.",
    "images": ["https://images.unsplash.com/photo-1526045431048-9b3c0c4bd3c9?auto=format&w=600&q=80"]
  },
  {
    "id": 197,
    "name": "CARLTON LONDON Willy 3 Door Wardrobe (White)",
    "originalPrice": 14999,
    "price": 699,
    "discountPercent": 95,
    "rating": 4.5,
    "ratingsCount": 2176,
    "category": "Furniture",
    "delivery": "Free Delivery in Two Days",
    "sourceId": 197,
    "desc": "Three-door wardrobe with spacious storage and knock-down assembly.",
    "images": ["https://images.unsplash.com/photo-1600585152975-cb9f9a2b4b2d?auto=format&w=600&q=80"]
  },
  {
    "id": 168,
    "name": "John Maria QXII Smart Watch (1.96 inch, BT Calling)",
    "originalPrice": 4999,
    "price": 319,
    "discountPercent": 93,
    "rating": 4.5,
    "ratingsCount": 6737,
    "category": "Wearables",
    "delivery": "Free Delivery in Two Days",
    "sourceId": 168,
    "desc": "Smart watch with large display, health tracking and long battery life.",
    "images": ["https://images.unsplash.com/photo-1516559828984-3b1e5c7c9779?auto=format&w=600&q=80"]
  },
  {
    "id": 193,
    "name": "Bajaj PX97 Torque 36L Personal Air Cooler",
    "originalPrice": 5999,
    "price": 399,
    "discountPercent": 93,
    "rating": 4.5,
    "ratingsCount": 4682,
    "category": "Appliances",
    "delivery": "Free Delivery in Two Days",
    "sourceId": 193,
    "desc": "Personal air cooler with high air throw and inverter compatibility.",
    "images": ["https://images.unsplash.com/photo-1621849403986-87c27652d1dc?auto=format&w=600&q=80"]
  },
  {
    "id": 178,
    "name": "Orient Electric Apex-FX 1200mm Ceiling Fan (Blue)",
    "originalPrice": 2999,
    "price": 299,
    "discountPercent": 90,
    "rating": 4.7,
    "ratingsCount": 1347,
    "category": "Home",
    "delivery": "Free Delivery in Two Days",
    "sourceId": 178,
    "desc": "Star rated ceiling fan with strong airflow and durable finish.",
    "images": ["https://images.unsplash.com/photo-1625731226967-16d30f10aac2?auto=format&w=600&q=80"]
  },
  {
    "id": 160,
    "name": "Mivi SuperPods Halo True Wireless Earbuds (35dB ANC)",
    "originalPrice": 1999,
    "price": 349,
    "discountPercent": 82,
    "rating": 4.3,
    "ratingsCount": 7673,
    "category": "Audio",
    "delivery": "Free Delivery in Two Days",
    "sourceId": 160,
    "desc": "ANC earbuds with spatial audio and extended playtime.",
    "images": ["https://images.unsplash.com/photo-1606220945770-bf5044b9a934?auto=format&w=600&q=80"]
  },
  {
    "id": 155,
    "name": "Ambrane 20000mAh Powerbank (22.5W, Triple Output)",
    "originalPrice": 1599,
    "price": 329,
    "discountPercent": 79,
    "rating": 4.6,
    "ratingsCount": 2536,
    "category": "Accessories",
    "delivery": "Free Delivery in Two Days",
    "sourceId": 155,
    "desc": "High capacity powerbank with fast charging and multiple ports.",
    "images": ["https://images.unsplash.com/photo-1517336714731-489689fd1ca8?auto=format&w=600&q=80"]
  },
  {
    "id": 151,
    "name": "ZEBRONICS Zeb-Juke BAR 9500WS PRO Dolby 5.1 Soundbar",
    "originalPrice": 14999,
    "price": 549,
    "discountPercent": 96,
    "rating": 4.3,
    "ratingsCount": 3868,
    "category": "Audio",
    "delivery": "Free Delivery in Two Days",
    "sourceId": 151,
    "desc": "Dolby 5.1 soundbar with wireless satellites and HDMI ARC.",
    "images": ["https://images.unsplash.com/photo-1583394838336-acd977736f90?auto=format&w=600&q=80"]
  },
  {
    "id": 165,
    "name": "TRIBIT StormBox Blast 2 Bluetooth Speaker (200W)",
    "originalPrice": 14999,
    "price": 349,
    "discountPercent": 97,
    "rating": 4.3,
    "ratingsCount": 3451,
    "category": "Audio",
    "delivery": "Free Delivery in Two Days",
    "sourceId": 165,
    "desc": "Powerful portable speaker with LED lights and custom EQ.",
    "images": ["https://images.unsplash.com/photo-1583394838336-acd977736f90?auto=format&w=600&q=80"]
  },
  {
    "id": 173,
    "name": "Safari Crescent 56cm Small Cabin Trolley (Polycarbonate)",
    "originalPrice": 4999,
    "price": 349,
    "discountPercent": 93,
    "rating": 4.4,
    "ratingsCount": 9322,
    "category": "Travel",
    "delivery": "Free Delivery in Two Days",
    "sourceId": 173,
    "desc": "Compact cabin trolley with 360° wheels and hard shell.",
    "images": ["https://images.unsplash.com/photo-1526045431048-9b3c0c4bd3c9?auto=format&w=600&q=80"]
  },
  {
    "id": 147,
    "name": "Samsung HW-C45E/XL 2.1 Channel Soundbar (Dolby Digital)",
    "originalPrice": 10999,
    "price": 399,
    "discountPercent": 96,
    "rating": 4.5,
    "ratingsCount": 5656,
    "category": "Audio",
    "delivery": "Free Delivery in Two Days",
    "sourceId": 147,
    "desc": "2.1 channel soundbar with wireless subwoofer and virtual surround.",
    "images": ["https://images.unsplash.com/photo-1583394838336-acd977736f90?auto=format&w=600&q=80"]
  }
]
