[
    {
        "id": 1,
        "name": "OnePlus Buds Pro 2 Bluetooth Headset (Arbor Green, True Wireless)",
        "price": 139,
        "original_price": 13999,
        "discount": 99,
        "rating": 4.8,
        "reviews": 2145,
        "description": "OnePlus Buds Pro 2 with advanced noise cancellation and premium audio quality",
        "category": "Electronics",
        "image": "images/product-1.jpg",
        "images": [
            "images/products/product-1-img-1.jpg",
            "images/products/product-1-img-2.jpg",
            "images/products/product-1-img-3.jpg",
            "images/products/product-1-img-4.jpg",
            "images/products/product-1-img-5.jpg"
        ]
    },
    {
        "id": 2,
        "name": "JBL Wave Beam TWS (Black, In the Ear)",
        "price": 129,
        "original_price": 4999,
        "discount": 99,
        "rating": 4.6,
        "reviews": 1856,
        "description": "JBL Wave Beam with 32Hr Playtime, IP54, Smart Ambient & TalkThru Mode",
        "category": "Electronics",
        "image": "images/product-2.jpg",
        "images": [
            "images/products/product-2-img-1.jpg",
            "images/products/product-2-img-2.jpg",
            "images/products/product-2-img-3.jpg",
            "images/products/product-2-img-4.jpg",
            "images/products/product-2-img-5.jpg"
        ]
    },
    {
        "id": 3,
        "name": "Noise Colorfit Icon 2 Smartwatch (Black Strap, Regular)",
        "price": 179,
        "original_price": 5999,
        "discount": 99,
        "rating": 4.5,
        "reviews": 1678,
        "description": "Noise Colorfit Icon 2 1.8'' Display with Bluetooth Calling, AI Voice Assistant",
        "category": "Electronics",
        "image": "images/product-3.jpg",
        "images": [
            "images/products/product-3-img-1.jpg",
            "images/products/product-3-img-2.jpg",
            "images/products/product-3-img-3.jpg",
            "images/products/product-3-img-4.jpg",
            "images/products/product-3-img-5.jpg"
        ]
    },
    {
        "id": 4,
        "name": "JBL Partybox 310 Portable Bluetooth Soundbar (Black, Stereo Channel)",
        "price": 349,
        "original_price": 46999,
        "discount": 99,
        "rating": 4.9,
        "reviews": 2234,
        "description": "JBL Partybox 310 - 18Hrs Playtime, JBL Pro Sound, Dynamic Light Show, IPX4",
        "category": "Electronics",
        "image": "images/product-4.jpg",
        "images": [
            "images/products/product-4-img-1.jpg",
            "images/products/product-4-img-2.jpg",
            "images/products/product-4-img-3.jpg",
            "images/products/product-4-img-4.jpg",
            "images/products/product-4-img-5.jpg"
        ]
    },
    {
        "id": 5,
        "name": "MAHARAJA WHITELINE Neo Pro MX-261 Mixer Grinder (3 Jars, Multicolor)",
        "price": 199,
        "original_price": 3399,
        "discount": 99,
        "rating": 4.4,
        "reviews": 945,
        "description": "MAHARAJA WHITELINE Neo Pro MX-261 500 W Mixer Grinder with 3 Jars",
        "category": "Appliances",
        "image": "images/product-5.jpg",
        "images": [
            "images/products/product-5-img-1.jpg",
            "images/products/product-5-img-2.jpg",
            "images/products/product-5-img-3.jpg",
            "images/products/product-5-img-4.jpg",
            "images/products/product-5-img-5.jpg"
        ]
    },
    {
        "id": 6,
        "name": "Khaitan 3 Burner Gas Stove (3 Burners, Black MS Frame)",
        "price": 179,
        "original_price": 5199,
        "discount": 99,
        "rating": 4.7,
        "reviews": 1534,
        "description": "Khaitan 3 Burner BP-JIO Black MS Frame Toughened Glass Manual Gas Stove",
        "category": "Appliances",
        "image": "images/product-6.jpg",
        "images": [
            "images/products/product-6-img-1.jpg",
            "images/products/product-6-img-2.jpg",
            "images/products/product-6-img-3.jpg",
            "images/products/product-6-img-4.jpg",
            "images/products/product-6-img-5.jpg"
        ]
    },
    {
        "id": 7,
        "name": "OnePlus Bullets Wireless Z2 ANC Earphones (Grand Green, In the Ear)",
        "price": 139,
        "original_price": 2499,
        "discount": 99,
        "rating": 4.5,
        "reviews": 1823,
        "description": "OnePlus Bullets Wireless Z2 with 45dB Hybrid ANC Bluetooth Technology",
        "category": "Electronics",
        "image": "images/product-7.jpg",
        "images": [
            "images/products/product-7-img-1.jpg",
            "images/products/product-7-img-2.jpg",
            "images/products/product-7-img-3.jpg",
            "images/products/product-7-img-4.jpg",
            "images/products/product-7-img-5.jpg"
        ]
    },
    {
        "id": 8,
        "name": "SONY HT-S20R 5.1ch Home Theatre Soundbar (Black, 5.1 Channel)",
        "price": 219,
        "original_price": 19990,
        "discount": 99,
        "rating": 4.8,
        "reviews": 2012,
        "description": "SONY HT-S20R with Dolby Digital, Subwoofer, Rear Speakers, 400 W Power",
        "category": "Electronics",
        "image": "images/product-8.jpg",
        "images": [
            "images/products/product-8-img-1.jpg",
            "images/products/product-8-img-2.jpg",
            "images/products/product-8-img-3.jpg",
            "images/products/product-8-img-4.jpg",
            "images/products/product-8-img-5.jpg"
        ]
    },
    {
        "id": 9,
        "name": "Mi 20000 mAh Power Bank (Black, Lithium Polymer, Fast Charging)",
        "price": 139,
        "original_price": 2199,
        "discount": 97,
        "rating": 4.6,
        "reviews": 1567,
        "description": "Mi 20000 mAh 18 W Power Bank with Fast Charging for Mobile Devices",
        "category": "Electronics",
        "image": "images/product-9.jpg",
        "images": [
            "images/products/product-9-img-1.jpg",
            "images/products/product-9-img-2.jpg",
            "images/products/product-9-img-3.jpg",
            "images/products/product-9-img-4.jpg",
            "images/products/product-9-img-5.jpg"
        ]
    },
    {
        "id": 10,
        "name": "SONY WH-1000XM4 Bluetooth Headset (Black, On the Ear)",
        "price": 129,
        "original_price": 29990,
        "discount": 99,
        "rating": 4.9,
        "reviews": 2567,
        "description": "SONY WH-1000XM4 Premium Bluetooth Headset with Industry-leading Noise Cancellation",
        "category": "Electronics",
        "image": "images/product-10.jpg",
        "images": [
            "images/products/product-10-img-1.jpg",
            "images/products/product-10-img-2.jpg",
            "images/products/product-10-img-3.jpg",
            "images/products/product-10-img-4.jpg",
            "images/products/product-10-img-5.jpg"
        ]
    },
    {
        "id": 11,
        "name": "HAVELLS Altro Electric Kettle (1.5 L, Black)",
        "price": 156,
        "original_price": 3395,
        "discount": 99,
        "rating": 4.3,
        "reviews": 834,
        "description": "HAVELLS Altro Electric Kettle 1.5 L with Auto Shutoff Safety Feature",
        "category": "Appliances",
        "image": "images/product-11.jpg",
        "images": [
            "images/products/product-11-img-1.jpg",
            "images/products/product-11-img-2.jpg",
            "images/products/product-11-img-3.jpg",
            "images/products/product-11-img-4.jpg",
            "images/products/product-11-img-5.jpg"
        ]
    },
    {
        "id": 12,
        "name": "SAMSUNG 28L Convection Microwave Oven (MC28H5025QB/TL, Black)",
        "price": 429,
        "original_price": 18990,
        "discount": 99,
        "rating": 4.7,
        "reviews": 1423,
        "description": "SAMSUNG 28 L Convection Microwave Oven with Multiple Cooking Modes",
        "category": "Appliances",
        "image": "images/product-12.jpg",
        "images": [
            "images/products/product-12-img-1.jpg",
            "images/products/product-12-img-2.jpg",
            "images/products/product-12-img-3.jpg",
            "images/products/product-12-img-4.jpg",
            "images/products/product-12-img-5.jpg"
        ]
    },
    {
        "id": 13,
        "name": "BAJAJ 15L Storage Water Geyser (Popular Plus, White)",
        "price": 409,
        "original_price": 8945,
        "discount": 97,
        "rating": 4.5,
        "reviews": 1156,
        "description": "BAJAJ 15 L Storage Water Geyser Suitable for Large Wall Spaces",
        "category": "Appliances",
        "image": "images/product-13.jpg",
        "images": [
            "images/products/product-13-img-1.jpg",
            "images/products/product-13-img-2.jpg",
            "images/products/product-13-img-3.jpg",
            "images/products/product-13-img-4.jpg",
            "images/products/product-13-img-5.jpg"
        ]
    },
    {
        "id": 14,
        "name": "Hindware 45L Room Air Cooler (Black & White, XENO)",
        "price": 459,
        "original_price": 6499,
        "discount": 99,
        "rating": 4.4,
        "reviews": 967,
        "description": "Hindware 45 L Room/Personal Air Cooler with Advanced Cooling Technology",
        "category": "Appliances",
        "image": "images/product-14.jpg",
        "images": [
            "images/products/product-14-img-1.jpg",
            "images/products/product-14-img-2.jpg",
            "images/products/product-14-img-3.jpg",
            "images/products/product-14-img-4.jpg",
            "images/products/product-14-img-5.jpg"
        ]
    },
    {
        "id": 15,
        "name": "Crompton 40L Room Air Cooler (White, ACGC - MARVEL NEO40)",
        "price": 389,
        "original_price": 6999,
        "discount": 99,
        "rating": 4.6,
        "reviews": 1234,
        "description": "Crompton 40 L Room/Personal Air Cooler with Energy-Efficient Operation",
        "category": "Appliances",
        "image": "images/product-15.jpg",
        "images": [
            "images/products/product-15-img-1.jpg",
            "images/products/product-15-img-2.jpg",
            "images/products/product-15-img-3.jpg",
            "images/products/product-15-img-4.jpg",
            "images/products/product-15-img-5.jpg"
        ]
    },
    {
        "id": 16,
        "name": "boAt Aavante Bar Orion Bluetooth Soundbar (Pitch Black, 2.1 Channel)",
        "price": 279,
        "original_price": 8499,
        "discount": 99,
        "rating": 4.7,
        "reviews": 1845,
        "description": "boAt Aavante Bar Orion with Multiple Connectivity Ports, EQ Modes 160 W",
        "category": "Electronics",
        "image": "images/product-16.jpg",
        "images": [
            "images/products/product-16-img-1.jpg",
            "images/products/product-16-img-2.jpg",
            "images/products/product-16-img-3.jpg",
            "images/products/product-16-img-4.jpg",
            "images/products/product-16-img-5.jpg"
        ]
    },
    {
        "id": 17,
        "name": "Musify Karaoke Mini Home Theatre Bluetooth Speaker (Black, Stereo)",
        "price": 199,
        "original_price": 1999,
        "discount": 99,
        "rating": 4.2,
        "reviews": 756,
        "description": "Musify Karaoke Mini Home Theatre with Free MIC - 15 W Bluetooth Speaker",
        "category": "Electronics",
        "image": "images/product-17.jpg",
        "images": [
            "images/products/product-17-img-1.jpg",
            "images/products/product-17-img-2.jpg",
            "images/products/product-17-img-3.jpg",
            "images/products/product-17-img-4.jpg",
            "images/products/product-17-img-5.jpg"
        ]
    },
    {
        "id": 18,
        "name": "realme Buds Air 5 Bluetooth Headset (Deep Sea Blue, True Wireless)",
        "price": 139,
        "original_price": 3199,
        "discount": 99,
        "rating": 4.6,
        "reviews": 1678,
        "description": "realme Buds Air 5 with 50dB ANC, 12.4mm Dynamic Bass Driver, 38hrs Playback",
        "category": "Electronics",
        "image": "images/product-18.jpg",
        "images": [
            "images/products/product-18-img-1.jpg",
            "images/products/product-18-img-2.jpg",
            "images/products/product-18-img-3.jpg",
            "images/products/product-18-img-4.jpg",
            "images/products/product-18-img-5.jpg"
        ]
    },
    {
        "id": 19,
        "name": "SAFARI Medium Check-in Suitcase (66 cm, 4 Wheels - ECLIPSE 66, Teal)",
        "price": 259,
        "original_price": 9890,
        "discount": 99,
        "rating": 4.5,
        "reviews": 892,
        "description": "SAFARI Medium Check-in Suitcase 66 cm with 4 Wheels and Durable Material",
        "category": "Travel",
        "image": "images/product-19.jpg",
        "images": [
            "images/products/product-19-img-1.jpg",
            "images/products/product-19-img-2.jpg",
            "images/products/product-19-img-3.jpg",
            "images/products/product-19-img-4.jpg",
            "images/products/product-19-img-5.jpg"
        ]
    },
    {
        "id": 20,
        "name": "Boult Z40 Bluetooth Headset (White, In the Ear)",
        "price": 159,
        "original_price": 4999,
        "discount": 99,
        "rating": 4.7,
        "reviews": 1534,
        "description": "Boult Z40 with Zen ENC Mic, 60H Battery Life, Low Latency Gaming, Made In India",
        "category": "Electronics",
        "image": "images/product-20.jpg",
        "images": [
            "images/products/product-20-img-1.jpg",
            "images/products/product-20-img-2.jpg",
            "images/products/product-20-img-3.jpg",
            "images/products/product-20-img-4.jpg",
            "images/products/product-20-img-5.jpg"
        ]
    },
    {
        "id": 21,
        "name": "Realme Narzo 60 Pro Smartphone (Green, 6GB+128GB)",
        "price": 249,
        "original_price": 18999,
        "discount": 99,
        "rating": 4.5,
        "reviews": 1923,
        "description": "Realme Narzo 60 Pro with 120Hz Display and Powerful Performance",
        "category": "Electronics",
        "image": "images/product-21.jpg",
        "images": [
            "images/products/product-21-img-1.jpg",
            "images/products/product-21-img-2.jpg",
            "images/products/product-21-img-3.jpg",
            "images/products/product-21-img-4.jpg",
            "images/products/product-21-img-5.jpg"
        ]
    },
    {
        "id": 22,
        "name": "Samsung Galaxy A53 5G Smartphone (Black, 6GB+128GB)",
        "price": 299,
        "original_price": 32999,
        "discount": 99,
        "rating": 4.6,
        "reviews": 2156,
        "description": "Samsung Galaxy A53 5G with Powerful Camera and 5G Connectivity",
        "category": "Electronics",
        "image": "images/product-22.jpg",
        "images": [
            "images/products/product-22-img-1.jpg",
            "images/products/product-22-img-2.jpg",
            "images/products/product-22-img-3.jpg",
            "images/products/product-22-img-4.jpg",
            "images/products/product-22-img-5.jpg"
        ]
    },
    {
        "id": 23,
        "name": "LG 32 inch HD LED TV (32LQ573BPTW, Black)",
        "price": 599,
        "original_price": 22990,
        "discount": 99,
        "rating": 4.4,
        "reviews": 1345,
        "description": "LG 32 inch HD LED TV with Sharp Picture Quality and Wide Viewing Angle",
        "category": "Electronics",
        "image": "images/product-23.jpg",
        "images": [
            "images/products/product-23-img-1.jpg",
            "images/products/product-23-img-2.jpg",
            "images/products/product-23-img-3.jpg",
            "images/products/product-23-img-4.jpg",
            "images/products/product-23-img-5.jpg"
        ]
    },
    {
        "id": 24,
        "name": "Panasonic 55 inch 4K LED TV (TH-55MX650DX, Black)",
        "price": 799,
        "original_price": 49990,
        "discount": 99,
        "rating": 4.7,
        "reviews": 1678,
        "description": "Panasonic 55 inch 4K LED TV with Stunning Picture and Immersive Sound",
        "category": "Electronics",
        "image": "images/product-24.jpg",
        "images": [
            "images/products/product-24-img-1.jpg",
            "images/products/product-24-img-2.jpg",
            "images/products/product-24-img-3.jpg",
            "images/products/product-24-img-4.jpg",
            "images/products/product-24-img-5.jpg"
        ]
    },
    {
        "id": 25,
        "name": "Philips 42 inch Full HD LED TV (42PFT4309/94, Black)",
        "price": 499,
        "original_price": 28999,
        "discount": 99,
        "rating": 4.5,
        "reviews": 1234,
        "description": "Philips 42 inch Full HD LED TV with Premium Design and Great Picture",
        "category": "Electronics",
        "image": "images/product-25.jpg",
        "images": [
            "images/products/product-25-img-1.jpg",
            "images/products/product-25-img-2.jpg",
            "images/products/product-25-img-3.jpg",
            "images/products/product-25-img-4.jpg",
            "images/products/product-25-img-5.jpg"
        ]
    },
    {
        "id": 26,
        "name": "Godrej 6 kg Fully Automatic Washing Machine (WA EON 6010 PAEC)",
        "price": 369,
        "original_price": 21999,
        "discount": 99,
        "rating": 4.6,
        "reviews": 1567,
        "description": "Godrej 6 kg Fully Automatic Washing Machine with Advanced Technology",
        "category": "Appliances",
        "image": "images/product-26.jpg",
        "images": [
            "images/products/product-26-img-1.jpg",
            "images/products/product-26-img-2.jpg",
            "images/products/product-26-img-3.jpg",
            "images/products/product-26-img-4.jpg",
            "images/products/product-26-img-5.jpg"
        ]
    },
    {
        "id": 27,
        "name": "IFB 8 kg Fully Automatic Washing Machine (SENATOR AQUA SX, White)",
        "price": 459,
        "original_price": 28999,
        "discount": 99,
        "rating": 4.7,
        "reviews": 1834,
        "description": "IFB 8 kg Fully Automatic Washing Machine with Superior Cleaning",
        "category": "Appliances",
        "image": "images/product-27.jpg",
        "images": [
            "images/products/product-27-img-1.jpg",
            "images/products/product-27-img-2.jpg",
            "images/products/product-27-img-3.jpg",
            "images/products/product-27-img-4.jpg",
            "images/products/product-27-img-5.jpg"
        ]
    },
    {
        "id": 28,
        "name": "Hisense 280L Single Door Refrigerator (RR280N4ADG, Black)",
        "price": 289,
        "original_price": 16999,
        "discount": 99,
        "rating": 4.5,
        "reviews": 1123,
        "description": "Hisense 280L Single Door Refrigerator with Efficient Cooling System",
        "category": "Appliances",
        "image": "images/product-28.jpg",
        "images": [
            "images/products/product-28-img-1.jpg",
            "images/products/product-28-img-2.jpg",
            "images/products/product-28-img-3.jpg",
            "images/products/product-28-img-4.jpg",
            "images/products/product-28-img-5.jpg"
        ]
    },
    {
        "id": 29,
        "name": "LG 315L Frost-Free Refrigerator (GL-T322RESY, Shiny Steel)",
        "price": 389,
        "original_price": 26999,
        "discount": 99,
        "rating": 4.6,
        "reviews": 1456,
        "description": "LG 315L Frost-Free Refrigerator with Inverter Technology for Energy Savings",
        "category": "Appliances",
        "image": "images/product-29.jpg",
        "images": [
            "images/products/product-29-img-1.jpg",
            "images/products/product-29-img-2.jpg",
            "images/products/product-29-img-3.jpg",
            "images/products/product-29-img-4.jpg",
            "images/products/product-29-img-5.jpg"
        ]
    },
    {
        "id": 30,
        "name": "Voltas 1.5 Ton 3 Star Split Air Conditioner (183V Vectra Prism)",
        "price": 349,
        "original_price": 27999,
        "discount": 99,
        "rating": 4.8,
        "reviews": 1934,
        "description": "Voltas 1.5 Ton Split AC with Copper Condenser and Advanced Temperature Control",
        "category": "Appliances",
        "image": "images/product-30.jpg",
        "images": [
            "images/products/product-30-img-1.jpg",
            "images/products/product-30-img-2.jpg",
            "images/products/product-30-img-3.jpg",
            "images/products/product-30-img-4.jpg",
            "images/products/product-30-img-5.jpg"
        ]
    },
    {
        "id": 31,
        "name": "Prestige Pressure Cooker 3L (Nakshatra Plus, Stainless Steel)",
        "price": 89,
        "original_price": 1299,
        "discount": 99,
        "rating": 4.7,
        "reviews": 2345,
        "description": "Prestige 3L Pressure Cooker with Stainless Steel Construction and Safety Features",
        "category": "Appliances",
        "image": "images/product-31.jpg",
        "images": [
            "images/products/product-31-img-1.jpg",
            "images/products/product-31-img-2.jpg",
            "images/products/product-31-img-3.jpg",
            "images/products/product-31-img-4.jpg",
            "images/products/product-31-img-5.jpg"
        ]
    },
    {
        "id": 32,
        "name": "Wonderchef 5L Outer Lid Pressure Cooker (Handi Plus, Black)",
        "price": 119,
        "original_price": 2499,
        "discount": 99,
        "rating": 4.5,
        "reviews": 1876,
        "description": "Wonderchef 5L Outer Lid Pressure Cooker with Durable Construction",
        "category": "Appliances",
        "image": "images/product-32.jpg",
        "images": [
            "images/products/product-32-img-1.jpg",
            "images/products/product-32-img-2.jpg",
            "images/products/product-32-img-3.jpg",
            "images/products/product-32-img-4.jpg",
            "images/products/product-32-img-5.jpg"
        ]
    }
]